{"cameraMode":{"drawMode":0,"name":"Shaded","section":"Shading Mode"},"sceneLighting":false,"audioPlay":false,"sceneViewState":{"m_AlwaysRefresh":false,"showFog":true,"showSkybox":false,"showFlares":true,"showImageEffects":true,"showParticleSystems":true,"showVisualEffectGraphs":true,"m_FxEnabled":true},"in2DMode":false,"pivot":{"x":0.1976306438446045,"y":1.7877439260482789,"z":-10.392963409423829},"rotation":{"x":0.0118805430829525,"y":0.9475529193878174,"z":-0.3175899088382721,"w":0.035843703895807269},"size":0.5660253763198853,"orthographic":false}